Day,Fassala-Mbera sim,Fassala-Mbera data,Fassala-Mbera error,Mentao sim,Mentao data,Mentao error,Bobo-Dioulasso sim,Bobo-Dioulasso data,Bobo-Dioulasso error,Abala sim,Abala data,Abala error,Mangaize sim,Mangaize data,Mangaize error,Niamey sim,Niamey data,Niamey error,Tabareybarey sim,Tabareybarey data,Tabareybarey error,Total error,refugees in camps (UNHCR),total refugees (simulation),raw UNHCR refugee count,refugees in camps (simulation),refugee_debt
0,9259,9265.871533100039,0.0007415959821471807,0,0.0,0.0,0,0.0,0.0,698,698.6230011306735,0.0008917558249087465,875,875.3099173553718,0.00035406585624908615,0,0.0,0.0,0,0.0,0.0,0.0007200342823215993,10839,10838,10839,10832,0
1,9252,9653,0.04154148969232363,0,0,0.0,0,0,0.0,695,691,0.005788712011577379,874,874,0.0,0,0,0.0,0,0,0.0,0.036105910671302484,11218,11216,11217,10821,0
2,9249,10040,0.0787848605577689,0,0,0.0,0,0,0.0,696,684,0.01754385964912286,875,874,0.0011441647597254523,1,0,0.0,0,0,0.0,0.06941450375097008,11598,11596,11597,10821,0
3,9248,10427,0.11307183274192001,0,0,0.0,0,0,0.0,696,677,0.028064992614475592,875,874,0.0011441647597254523,1,0,0.0,1,0,0.0,0.1002755280955164,11978,11976,11977,10821,0
4,9242,10815,0.14544613962089692,0,0,0.0,0,0,0.0,695,670,0.03731343283582089,872,873,0.001145475372279492,2,0,0.0,1,0,0.0,0.12964311726147124,12358,12356,12357,10812,0
5,9248,11202,0.1744331369398322,0,0,0.0,0,0,0.0,695,663,0.04826546003016596,873,873,0.0,2,0,0.0,3,0,0.0,0.15631624401350397,12738,12736,12737,10821,0
6,9248,11590,0.20207075064710955,0,0,0.0,0,0,0.0,694,655,0.05954198473282446,873,872,0.0011467889908256534,2,0,0.0,3,0,0.0,0.18199146081122294,13117,13115,13116,10820,0
7,9267,11977,0.22626701177256403,0,0,0.0,0,0,0.0,694,648,0.07098765432098775,873,872,0.0011467889908256534,3,0,0.0,3,0,0.0,0.20472732661529341,13497,13495,13496,10840,0
8,9285,12521,0.2584458110374571,0,0,0.0,0,0,0.0,693,641,0.08112324492979717,872,872,0.0,3,0,0.0,3,0,0.0,0.23473241644694648,14034,14032,14033,10856,0
9,9305,13064,0.2877372933251684,0,0,0.0,0,0,0.0,692,634,0.09148264984227139,872,871,0.0011481056257176547,4,0,0.0,3,0,0.0,0.2625617792421746,14569,14567,14568,10876,0
10,9328,13608,0.3145208700764256,0,0,0.0,0,0,0.0,691,627,0.10207336523125998,868,871,0.003444316877152742,8,0,0.0,3,0,0.0,0.2885137371731215,15106,15104,15105,10898,0
11,9354,14152,0.3390333521763709,0,0,0.0,0,0,0.0,691,620,0.11451612903225805,866,870,0.0045977011494252595,10,0,0.0,4,0,0.0,0.3124480531935298,15642,15640,15641,10925,0
12,9374,14695,0.3620959510037428,0,0,0.0,0,0,0.0,690,613,0.12561174551386634,866,870,0.0045977011494252595,11,0,0.0,5,0,0.0,0.33491994807442665,16178,16176,16177,10946,0
13,9396,15239,0.38342410919351666,0,0,0.0,0,0,0.0,690,606,0.13861386138613851,865,870,0.005747126436781658,11,0,0.0,5,0,0.0,0.35586933109967694,16715,16713,16714,10967,0
14,9433,15783,0.4023316226319458,0,0,0.0,0,0,0.0,691,599,0.1535893155258765,864,869,0.005753739930955071,11,0,0.0,6,0,0.0,0.37472463768115943,17251,17249,17250,11005,0
15,9462,16326,0.420433664094083,0,0,0.0,0,0,0.0,691,591,0.16920473773265643,863,869,0.0069044879171461515,11,0,0.0,7,0,0.0,0.39291537812763566,17786,17784,17785,11034,0
16,9508,16870,0.43639596917605217,0,0,0.0,0,0,0.0,690,584,0.18150684931506844,863,868,0.005760368663594417,11,0,0.0,7,0,0.0,0.4088750614049452,18322,18320,18321,11079,0
17,9553,17414,0.4514183989893189,0,0,0.0,0,0,0.0,689,577,0.19410745233968796,863,868,0.005760368663594417,13,0,0.0,7,0,0.0,0.42411708558701877,18859,18857,18858,11125,0
18,9592,17957,0.4658350503981734,0,0,0.0,0,0,0.0,689,570,0.2087719298245614,862,867,0.005767012687427964,14,0,0.0,7,0,0.0,0.4388181302531841,19394,19392,19393,11164,0
19,9654,18501,0.47819036808821147,0,0,0.0,0,0,0.0,688,563,0.22202486678507993,861,867,0.00692041522491349,15,0,0.0,8,0,0.0,0.45163070747616657,19931,19929,19930,11226,0
20,9694,19045,0.4909950118141244,0,0,0.0,0,0,0.0,688,556,0.23741007194244612,862,867,0.005767012687427964,15,0,0.0,8,0,0.0,0.4646992719988274,20468,20466,20467,11267,0
21,9749,19588,0.5022973248927916,0,0,0.0,0,0,0.0,688,549,0.25318761384335153,862,866,0.004618937644341847,15,0,0.0,8,0,0.0,0.47638320159984765,21003,21001,21002,11322,0
22,9800,20132,0.5132127955493742,0,798,1.0,0,316,1.0,688,542,0.2693726937269372,862,866,0.004618937644341847,15,0,0.0,8,0,0.0,0.512912197059992,22654,22652,22653,11373,0
23,9868,20676,0.522731669568582,13,1596,0.9918546365914787,22,633,0.9652448657187994,688,534,0.28838951310861427,862,865,0.003468208092485603,15,0,0.0,8,0,0.0,0.5424021725712875,24304,24302,24303,11476,0
24,9949,21219,0.5311277628540458,53,2394,0.9778613199665831,56,950,0.9410526315789474,688,527,0.30550284629981017,862,865,0.003468208092485603,15,0,0.0,8,0,0.0,0.5660784464822378,25955,25953,25954,11631,0
25,10020,21763,0.5395855350824794,103,2394,0.9569757727652465,95,953,0.9003147953830011,687,520,0.3211538461538461,860,865,0.005780346820809301,16,0,0.0,8,0,0.0,0.5694874311164791,26495,26493,26494,11789,0
26,10109,22307,0.5468238669475949,154,2394,0.935672514619883,134,956,0.8598326359832635,687,513,0.3391812865497077,860,864,0.00462962962962965,17,0,0.0,9,0,0.0,0.5720415788110828,27034,27032,27033,11970,0
27,10199,22850,0.5536542669584246,212,2394,0.9114452798663325,160,959,0.8331595411887383,687,506,0.35770750988142286,860,864,0.00462962962962965,17,0,0.0,9,0,0.0,0.574604671405774,27573,27571,27572,12144,0
28,10263,23394,0.5612977686586305,286,2394,0.8805346700083543,209,962,0.7827442827442828,684,499,0.3707414829659319,860,863,0.0034762456546929554,17,0,0.0,9,0,0.0,0.5765003023727366,28112,28110,28111,12328,0
29,10337,23536,0.5608004758667573,358,2394,0.8504594820384295,250,965,0.7409326424870466,683,492,0.3882113821138211,860,863,0.0034762456546929554,17,0,0.0,9,0,0.0,0.5724096428192148,28250,28248,28249,12514,0
30,10412,23678,0.5602669144353408,442,2394,0.8153717627401837,286,968,0.7045454545454546,685,485,0.41237113402061865,859,863,0.004634994206257237,19,0,0.0,10,0,0.0,0.5683235283756649,28388,28386,28387,12713,0
31,10476,23820,0.5602015113350126,517,2394,0.7840434419381788,337,971,0.6529351184346035,684,478,0.4309623430962344,859,862,0.0034802784222738303,19,0,0.0,10,0,0.0,0.5641915579862572,28525,28523,28524,12902,0
32,10545,23963,0.5599465843174894,612,2394,0.7443609022556391,384,974,0.6057494866529773,683,579,0.17962003454231423,859,880,0.02386363636363631,19,39,0.5128205128205128,10,19,0.4736842105263158,0.5527091205324643,28848,28846,28847,13112,0
33,10614,24273,0.5627240143369175,703,2394,0.7063492063492063,430,977,0.5598771750255885,692,680,0.01764705882352935,859,898,0.04342984409799555,20,78,0.7435897435897436,25,38,0.3421052631578947,0.5460340184749634,29338,29336,29337,13343,0
34,10696,24583,0.5649025749501688,806,2394,0.6633249791144529,482,980,0.5081632653061224,885,782,0.13171355498721238,982,916,0.07205240174672478,20,117,0.829059829059829,809,58,12.948275862068966,0.5695799389855509,29830,29828,29829,14680,0
35,10767,24893,0.567468766319849,912,2394,0.6190476190476191,532,983,0.4587995930824008,1100,883,0.24575311438278602,1078,934,0.1541755888650964,20,156,0.8717948717948718,1332,77,16.2987012987013,0.5874534120518486,30320,30318,30319,15741,0
36,10857,25203,0.5692179502440186,1013,2394,0.576858813700919,613,986,0.3782961460446247,1249,984,0.2693089430894309,1144,952,0.2016806722689075,20,195,0.8974358974358975,1827,96,18.03125,0.599272939725405,30810,30808,30809,16723,0
37,10939,25513,0.5712381922941245,1137,2394,0.525062656641604,673,989,0.3195146612740142,1375,1086,0.2661141804788214,1204,971,0.2399588053553039,23,235,0.902127659574468,2188,116,17.862068965517242,0.6054691243650768,31304,31302,31303,17539,0
38,11030,25823,0.5728614026255663,1247,2394,0.47911445279866327,744,992,0.25,1465,1187,0.23420387531592257,1248,989,0.26188068756319516,26,274,0.9051094890510949,2552,135,17.903703703703705,0.6098826785770453,31794,31792,31793,18312,0
39,11095,26133,0.5754410132782306,1362,2394,0.43107769423558895,811,995,0.1849246231155779,1561,1288,0.21195652173913038,1299,1007,0.2899702085402185,27,313,0.9137380191693291,2827,155,17.238709677419354,0.6125944740428695,32285,32283,32284,18982,0
40,11160,26443,0.577960140679953,1472,2463,0.4023548518067398,864,997,0.13340020060180546,1656,1390,0.19136690647482024,1358,1025,0.32487804878048787,29,352,0.9176136363636364,3134,174,17.011494252873565,0.6177572085375879,32844,32842,32843,19673,0
41,11240,26753,0.5798602025941015,1599,2533,0.36873272799052503,929,1000,0.07099999999999995,1739,1491,0.16633132126089878,1404,1043,0.346116970278044,31,391,0.9207161125319693,3393,193,16.580310880829014,0.6193156303326048,33404,33402,33403,20335,0
42,11314,27063,0.5819384399364447,1709,2602,0.3431975403535742,1005,1003,0.001994017946161497,1798,1592,0.12939698492462304,1445,1061,0.36192271442035806,30,431,0.9303944315545244,3663,213,16.197183098591548,0.6208043811094099,33965,33963,33964,20964,0
43,11375,27373,0.5844445256274431,1831,2671,0.31448895544739797,1071,1005,0.06567164179104479,1864,1694,0.10035419126328216,1480,1079,0.3716404077849862,30,470,0.9361702127659575,3904,232,15.827586206896552,0.6252932827390435,34524,34522,34523,21555,0
44,11433,27683,0.5870028537369505,1943,2740,0.2908759124087591,1160,1008,0.1507936507936507,1940,1795,0.08077994428969348,1511,1097,0.3773928896991796,32,509,0.93713163064833,4195,251,15.713147410358566,0.6322045493415427,35083,35081,35082,22214,0
45,11491,27993,0.5895045189868896,2066,2810,0.26476868327402137,1222,1011,0.20870425321463904,2013,1897,0.061149182920400724,1553,1115,0.3928251121076234,34,548,0.9379562043795621,4422,271,15.317343173431734,0.6361800022444171,35645,35643,35644,22801,0
46,11550,28303,0.5919160513019821,2184,2879,0.24140326502257725,1287,1013,0.27048371174728536,2095,1998,0.04854854854854862,1594,1133,0.4068843777581641,36,587,0.938671209540034,4672,290,15.110344827586207,0.6412076680846363,36203,36201,36202,23418,0
47,11619,28546,0.592972745743712,2287,2948,0.22421981004070557,1359,1016,0.33759842519685046,2172,2099,0.034778465936160075,1629,1151,0.41529105125977406,36,627,0.9425837320574163,4882,310,14.748387096774193,0.6443481578373664,36697,36695,36696,23984,0
48,11679,28788,0.5943101292205085,2405,3017,0.2028505137553861,1418,1019,0.3915603532875369,2239,2201,0.01726487960018175,1670,1169,0.4285714285714286,37,666,0.9444444444444444,5122,329,14.56838905775076,0.6475475959987093,37189,37187,37188,24570,0
49,11771,29031,0.5945368743756674,2515,3086,0.18502916396629943,1500,1022,0.4677103718199609,2301,2302,0.0004344048653345256,1707,1187,0.4380791912384161,39,705,0.9446808510638298,5357,348,14.39367816091954,0.6503450106157113,37681,37679,37680,25190,0
50,11872,29274,0.5944524151123864,2620,3156,0.16983523447401772,1580,1024,0.54296875,2360,2403,0.017894298793175167,1745,1205,0.4481327800829875,40,744,0.946236559139785,5554,368,14.092391304347826,0.6540486731459408,38174,38172,38173,25771,0
51,11936,29517,0.595622861401904,2740,3225,0.15038759689922476,1641,1027,0.5978578383641675,2431,2505,0.029540918163672658,1790,1223,0.46361406377759606,46,783,0.9412515964240102,5766,387,13.89922480620155,0.6578647907722547,38667,38665,38666,26350,0
52,11997,29760,0.596875,2843,3294,0.13691560412871884,1699,1030,0.649514563106796,2500,2606,0.040675364543361514,1820,1241,0.46655922643029824,47,823,0.9428918590522479,5943,406,13.637931034482758,0.6609208611047269,39160,39158,39159,26849,0
53,12061,30002,0.5979934671021931,2962,3363,0.1192387749033601,1786,1032,0.7306201550387597,2581,2707,0.04654599187292208,1861,1259,0.4781572676727561,50,862,0.9419953596287703,6051,426,13.204225352112676,0.6623203026481715,39651,39649,39650,27352,0
54,12124,30245,0.5991403537774839,3066,3432,0.10664335664335667,1858,1035,0.7951690821256039,2663,2809,0.05197579209683156,1896,1278,0.483568075117371,56,901,0.9378468368479467,6131,445,12.77752808988764,0.6627391390992428,40145,40143,40144,27794,0
55,12202,30488,0.5997769614274469,3178,3502,0.09251856082238719,1915,1038,0.8448940269749519,2748,2910,0.05567010309278353,1942,1296,0.4984567901234569,58,940,0.9382978723404255,6182,465,12.294623655913979,0.6617943796446676,40639,40637,40638,28225,0
56,12271,30731,0.600696365233803,3278,3571,0.08204984598151777,1948,1041,0.8712776176753123,2847,3011,0.05446695450016603,1994,1314,0.517503805175038,61,979,0.9376915219611849,6194,484,11.797520661157025,0.6596644784828593,41131,41129,41130,28593,0
57,12348,30974,0.6013430619229031,3379,3640,0.07170329670329667,1959,1043,0.8782358581016299,2944,3113,0.054288467716029576,2067,1332,0.5518018018018018,62,1019,0.9391560353287537,6196,503,11.318091451292247,0.6572568051317781,41624,41622,41623,28955,0
58,12428,31216,0.6018708354689903,3480,3709,0.06174170935562151,1958,1046,0.8718929254302104,3045,3214,0.05258245177349097,2128,1350,0.5762962962962963,64,1058,0.9395085066162571,6198,523,10.850860420650095,0.6540425026712573,42116,42114,42115,29301,0
59,12516,31459,0.6021488286340952,3608,3778,0.04499735309687669,1957,1049,0.86558627264061,3152,3315,0.04917043740573157,2198,1368,0.6067251461988303,67,1097,0.9389243391066545,6195,542,10.42988929889299,0.6500575022883563,42608,42606,42607,29693,0
60,12594,31702,0.602737997602675,3707,3848,0.036642411642411665,1957,1051,0.8620361560418648,3266,3417,0.044190810652619206,2257,1386,0.6284271284271283,70,1136,0.9383802816901409,6190,561,10.033868092691621,0.6466821345707656,43101,43099,43100,30041,0
61,12676,31945,0.6031929879480357,3842,3917,0.019147306612203208,1956,1054,0.8557874762808348,3390,3518,0.03638430926662872,2329,1404,0.6588319088319088,76,1175,0.9353191489361702,6190,581,9.654044750430293,0.6424655334572065,43594,43592,43593,30459,0
62,12760,32188,0.6035789735305083,3930,3986,0.014049172102358232,1953,1057,0.8476821192052981,3492,3562,0.019651880965749546,2424,1414,0.7142857142857142,84,1215,0.9308641975308642,6189,600,9.315,0.6401490197860112,44022,44020,44021,30832,0
63,12835,32430,0.6042244835029293,4031,4055,0.0059186189889025576,1950,1059,0.8413597733711049,3626,3605,0.005825242718446644,2493,1423,0.7519325368938861,89,1254,0.9290271132376395,6187,620,8.979032258064516,0.6374845314433569,44446,44444,44445,31211,0
64,12910,32673,0.6048725247145961,4152,4124,0.00678952473326877,1949,1062,0.835216572504708,3720,3649,0.019457385585091913,2573,1433,0.7955338450802512,92,1293,0.9288476411446249,6187,639,8.682316118935837,0.638215368158317,44873,44871,44872,31583,0
65,12991,32748,0.6033040185660192,4255,4194,0.014544587505960882,1943,1065,0.8244131455399062,3839,3693,0.03953425399404287,2645,1442,0.8342579750346741,99,1332,0.9256756756756757,6189,658,8.405775075987842,0.638341716336886,45132,45130,45131,31961,0
66,13086,32822,0.6013040034123454,4358,4263,0.022284775979357185,1938,1068,0.8146067415730338,3954,3736,0.05835117773019283,2725,1452,0.8767217630853994,102,1371,0.925601750547046,6191,678,8.131268436578171,0.6383484985348873,45390,45388,45389,32354,0
67,13149,32897,0.6002978995045141,4475,4332,0.03301015697137588,1937,1070,0.8102803738317756,4077,3780,0.07857142857142851,2789,1462,0.9076607387140903,103,1411,0.9270021261516654,6190,697,7.880918220946915,0.6393051174202594,45649,45647,45648,32720,0
68,13215,32971,0.5991932304146068,4599,4401,0.04498977505112478,1933,1073,0.8014911463187324,4172,3823,0.09128956317028503,2842,1471,0.9320190346702923,103,1450,0.9289655172413793,6191,716,7.646648044692737,0.6395085395608225,45905,45903,45904,33055,0
69,13292,33046,0.5977728015493555,4705,4470,0.05257270693512295,1929,1076,0.7927509293680297,4286,3867,0.10835272821308517,2906,1481,0.962187711006077,105,1489,0.9294828744123573,6195,736,7.417119565217391,0.639654276059267,46165,46163,46164,33418,0
70,13360,33120,0.5966183574879227,4832,4540,0.06431718061674019,1928,1078,0.7884972170686457,4386,3910,0.12173913043478257,2962,1490,0.9879194630872483,108,1528,0.9293193717277487,6190,755,7.198675496688741,0.6399181387333046,46421,46419,46420,33766,0
71,13447,33195,0.5949088718180449,4952,4609,0.07441961379908868,1928,1081,0.7835337650323775,4479,3954,0.1327769347496206,3012,1500,1.008,113,1567,0.9278876834716018,6186,775,6.981935483870968,0.6392459297343616,46681,46679,46680,34117,0
72,13510,33269,0.5939162583786708,5069,4678,0.08358272766139385,1925,1084,0.7758302583025831,4576,3998,0.1445722861430716,3074,1510,1.0357615894039736,119,1607,0.9259489732420659,6186,794,6.790931989924434,0.6394043332836234,46940,46938,46939,34459,0
73,13611,33343,0.5917883813694029,5170,4747,0.08910891089108919,1923,1087,0.7690892364305428,4674,4041,0.15664439495174465,3118,1519,1.0526662277814354,129,1646,0.9216281895504252,6187,813,6.610086100861008,0.6380760673800191,47196,47194,47195,34812,0
74,13685,33418,0.590490155006284,5275,4816,0.09530730897009976,1920,1089,0.7630853994490359,4772,4085,0.16817625458996321,3158,1529,1.0654022236756049,134,1685,0.9204747774480713,6185,833,6.4249699879951985,0.6372908500863994,47455,47453,47454,35129,0
75,13756,33492,0.58927505075839,5376,4886,0.10028653295128942,1920,1092,0.7582417582417582,4858,4128,0.1768410852713178,3197,1538,1.0786736020806242,137,1724,0.9205336426914154,6185,852,6.259389671361502,0.6363941229485863,47712,47710,47711,35429,0
76,13840,33567,0.5876902910596717,5494,4955,0.10877901109989918,1926,1095,0.7589041095890412,4973,4172,0.1919942473633749,3244,1548,1.0956072351421189,138,1763,0.921724333522405,6187,871,6.103329506314581,0.636543673129039,47971,47969,47970,35802,0
77,13918,33641,0.5862786480782378,5572,5024,0.109076433121019,1928,1097,0.7575205104831357,5080,4216,0.20493358633776082,3277,1558,1.1033376123234917,141,1803,0.9217970049916805,6188,891,5.945005611672278,0.6353853490638413,48230,48228,48229,36104,0
78,13997,33716,0.5848558547870447,5693,5093,0.11780875711761252,1924,1100,0.749090909090909,5186,4259,0.21765672693120441,3307,1567,1.110402042118698,142,1842,0.9229098805646037,6194,910,5.806593406593406,0.6351111661098049,48487,48485,48486,36443,0
79,14079,33790,0.5833382657591003,5804,5163,0.12415262444315323,1923,1103,0.743427017225748,5310,4303,0.23402277480827327,3331,1577,1.1122384273937858,145,1881,0.9229133439659756,6198,930,5.664516129032258,0.6346572026422681,48747,48745,48746,36790,0
80,14166,33865,0.5816920124021852,5899,5173,0.14034409433597528,1922,1105,0.7393665158371041,5405,4346,0.2436723423838012,3347,1586,1.110340479192938,149,1920,0.9223958333333333,6193,949,5.52581664910432,0.6349631203645056,48944,48942,48943,37081,0
81,14232,33939,0.580659418368249,5989,5183,0.15550839282268947,1921,1108,0.733754512635379,5500,4390,0.25284738041002286,3365,1596,1.1083959899749374,151,1959,0.9229198570699336,6192,968,5.396694214876033,0.635647714785723,49143,49141,49142,37350,0
82,14297,34014,0.5796730757923207,6094,5194,0.17327685791297642,1922,1111,0.72997299729973,5589,4434,0.26048714479025703,3380,1606,1.1046077210460772,157,1999,0.9214607303651826,6185,988,5.260121457489879,0.6362549397102036,49346,49344,49345,37624,0
83,14359,34088,0.5787667214268951,6212,5204,0.1936971560338201,1925,1114,0.7280071813285458,5695,4477,0.2720571811480903,3391,1615,1.0996904024767802,162,2038,0.9205103042198234,6189,1007,5.1459781529294935,0.6378426385692948,49543,49541,49542,37933,0
84,14434,34163,0.5774961215349941,6308,5214,0.20981971614883,1924,1116,0.7240143369175627,5785,4521,0.27958416279584153,3400,1625,1.0923076923076924,166,2077,0.9200770341839191,6189,1026,5.0321637426900585,0.6381858024567258,49742,49740,49741,38206,0
85,14498,34237,0.5765400005841633,6430,5225,0.23062200956937806,1926,1119,0.7211796246648794,5894,4564,0.29141104294478537,3396,1634,1.0783353733170133,174,2116,0.9177693761814745,6186,1046,4.91395793499044,0.6392671205446536,49941,49939,49940,38504,0
86,14573,34312,0.575279785497785,6520,5235,0.24546322827125122,1925,1122,0.7156862745098038,6001,4608,0.3023003472222223,3400,1644,1.0681265206812651,181,2155,0.9160092807424594,6192,1065,4.814084507042254,0.6397487036298365,50141,50139,50140,38792,0
87,14641,34386,0.5742162507997441,6604,5245,0.2591039084842708,1925,1124,0.7126334519572954,6106,4651,0.312835949258224,3402,1654,1.0568319226118499,183,2195,0.916628701594533,6193,1085,4.707834101382488,0.6402193130574704,50340,50338,50339,39054,0
88,14720,34460,0.5728380731282647,6661,5256,0.26731354642313554,1923,1127,0.7062999112688553,6211,4695,0.32289669861554837,3405,1663,1.0475045099218279,189,2234,0.9153983885407341,6194,1104,4.6105072463768115,0.6397957972218924,50539,50537,50538,39303,0
89,14761,34535,0.5725785435065875,6707,5266,0.2736422331940751,1925,1130,0.7035398230088497,6323,4739,0.3342477315889427,3414,1673,1.0406455469216978,195,2273,0.9142102947646282,6194,1123,4.515583259127338,0.6402302022153021,50739,50737,50738,39519,0
90,14816,34609,0.5719032621572424,6748,5276,0.27899924184988634,1925,1133,0.6990291262135921,6442,4782,0.34713508992053543,3413,1682,1.0291319857312722,201,2312,0.9130622837370242,6193,1143,4.418197725284339,0.6401955395005497,50937,50935,50936,39738,0
91,14880,34684,0.5709837388997809,6773,5287,0.28106676754303006,1925,1135,0.696035242290749,6545,4826,0.3561956071280563,3419,1692,1.0206855791962175,205,2351,0.9128030625265844,6193,1162,4.32960413080895,0.6395298811013768,51137,51135,51136,39940,0
92,14950,34758,0.5698831923585936,6792,5297,0.28223522748725705,1925,1138,0.6915641476274166,6657,4869,0.3672211953173137,3421,1702,1.0099882491186838,207,2391,0.9134253450439147,6184,1181,4.236240474174428,0.6386286159540274,51336,51334,51335,40136,0
93,15018,34833,0.5688571182499353,6813,5307,0.28377614471452794,1923,1141,0.6853637160385626,6757,4913,0.37533075513942604,3418,1711,0.9976621858562245,216,2430,0.9111111111111111,6182,1201,4.147377185678601,0.6374114679344135,51536,51534,51535,40327,0
94,15097,34907,0.5675079496949036,6833,5318,0.2848815344114328,1922,1143,0.6815398075240595,6858,4957,0.3834980835182571,3419,1721,0.9866356769320164,224,2469,0.9092750101255569,6190,1220,4.073770491803279,0.6362933467352225,51735,51733,51734,40543,0
95,15166,34982,0.5664627522725973,6846,5328,0.28490990990990994,1922,1146,0.6771378708551483,6960,5000,0.3919999999999999,3418,1731,0.9745811669555171,229,2508,0.9086921850079744,6190,1240,3.991935483870968,0.6351523086995032,51935,51933,51934,40731,0
96,15224,35154,0.5669340615577174,6850,5338,0.2832521543649307,1923,1149,0.6736292428198434,7076,5044,0.4028548770816811,3416,1740,0.9632183908045977,238,2547,0.906556733411857,6192,1259,3.9181890389197775,0.6349990426957687,52231,52229,52230,40919,0
97,15298,35325,0.5669355980184005,6848,5349,0.28023929706487194,1924,1151,0.6715899218071242,7197,5087,0.41478277963436216,3414,1750,0.9508571428571428,242,2587,0.9064553536915346,6189,1278,3.842723004694836,0.6345238548528348,52527,52525,52526,41112,0
98,15358,35497,0.567343719187537,6854,5359,0.27896995708154515,1926,1154,0.6689774696707105,7323,5131,0.4272071720912103,3411,1759,0.939169982944855,249,2626,0.9051789794364051,6188,1298,3.7673343605547,0.6345152679703917,52824,52822,52823,41309,0
99,15420,35669,0.5676918332445541,6861,5369,0.2778915999254983,1926,1157,0.6646499567847883,7429,5175,0.4355555555555555,3412,1769,0.9287733182589033,257,2665,0.9035647279549719,6195,1317,3.7038724373576306,0.6342808734939759,53121,53119,53120,41500,0
100,15460,35841,0.568650428280461,6866,5380,0.27620817843866163,1925,1160,0.6594827586206897,7544,5218,0.44576466078957444,3414,1779,0.9190556492411468,261,2704,0.9034763313609467,6194,1336,3.63622754491018,0.6345171012973398,53418,53416,53417,41664,0
101,15527,36013,0.5688501374503652,6871,5390,0.27476808905380334,1924,1162,0.6557659208261617,7664,5262,0.45648042569365255,3421,1788,0.9133109619686801,267,2743,0.9026613197229311,6190,1356,3.564896755162242,0.6343715674045389,53714,53712,53713,41864,0
102,15601,36185,0.5688544977200498,6876,5400,0.27333333333333343,1923,1165,0.6506437768240343,7743,5305,0.4595664467483507,3422,1798,0.903225806451613,274,2783,0.9015450952209846,6184,1375,3.497454545454546,0.6331790409183484,54011,54009,54010,42023,0
103,15679,36357,0.5687487966553897,6876,5411,0.270744779153576,1922,1168,0.6455479452054795,7865,5349,0.4703682931389044,3418,1807,0.8915329275041506,287,2822,0.8982990786676116,6185,1395,3.4336917562724016,0.6324850850703395,54309,54307,54308,42232,0
104,15748,36529,0.5688904705850146,6879,5421,0.26895406751521866,1922,1170,0.6427350427350427,8015,5393,0.4861857964027443,3418,1817,0.8811227297743534,292,2861,0.8979377839916113,6195,1414,3.381188118811881,0.6329939198593509,54605,54603,54604,42469,0
105,15826,36701,0.5687855916732514,6880,5431,0.26680169397900944,1921,1173,0.6376811594202898,8145,5436,0.4983443708609272,3420,1827,0.8719211822660098,296,2900,0.8979310344827586,6196,1433,3.3237962316817864,0.6328051001821494,54901,54899,54900,42684,0
106,15889,36873,0.56908849293521,6879,5442,0.2640573318632855,1925,1176,0.6369047619047619,8262,5480,0.5076642335766424,3422,1836,0.863834422657952,300,2939,0.8979244641034365,6191,1453,3.260839642119752,0.6325410340954383,55199,55197,55198,42868,0
107,15950,37045,0.5694425698474828,6882,5452,0.2622890682318415,1928,1179,0.635284139100933,8400,5523,0.520912547528517,3415,1846,0.8499458288190682,304,2979,0.8979523329976502,6192,1472,3.2065217391304346,0.6327597080818091,55496,55494,55495,43071,0
108,16027,37216,0.5693518916595013,6882,5462,0.2599780300256316,1928,1181,0.632514817950889,8548,5567,0.5354769175498473,3417,1855,0.8420485175202157,311,3018,0.8969516235917826,6192,1491,3.1529175050301808,0.6328666941511768,55790,55788,55789,43305,0
109,16107,37388,0.5691933240611962,6883,5473,0.2576283573908278,1928,1184,0.6283783783783783,8692,5610,0.5493761140819964,3425,1865,0.8364611260053618,322,3057,0.8946679751390252,6195,1511,3.0999338186631373,0.632873928004707,56088,56086,56087,43552,0
110,16172,37560,0.5694355697550586,6887,5483,0.2560641984315155,1926,1187,0.6225779275484415,8813,5654,0.5587194906261055,3427,1875,0.8277333333333334,323,3096,0.895671834625323,6190,1530,3.045751633986928,0.6327149545970489,56385,56383,56384,43738,0
111,16238,37732,0.5696491042086294,6890,5493,0.25432368468960487,1925,1189,0.6190075693860386,8956,5698,0.5717795717795717,3425,1884,0.8179405520169851,329,3135,0.8950558213716109,6189,1550,2.9929032258064514,0.6328687367678193,56681,56679,56680,43952,0
112,16307,37904,0.5697815533980582,6888,5504,0.2514534883720929,1926,1192,0.6157718120805369,9088,5741,0.5829994774429541,3418,1894,0.8046462513199577,335,3175,0.8944881889763779,6191,1569,2.945825366475462,0.6326652392151356,56979,56977,56978,44153,0
113,16385,38076,0.5696764366004832,6889,5514,0.24936525208560023,1926,1195,0.6117154811715482,9220,5785,0.5937770095073467,3416,1903,0.7950604308985811,343,3214,0.8932794026135656,6194,1588,2.9005037783375314,0.6324335649683975,57275,57273,57274,44373,0
114,16443,38248,0.570095168374817,6885,5524,0.24637943519188998,1924,1197,0.6073517126148704,9358,5828,0.6056966369251888,3417,1913,0.7861996863565082,350,3253,0.8924070089148478,6190,1608,2.849502487562189,0.6324821955879798,57571,57569,57570,44567,0
115,16495,38420,0.5706663196251952,6889,5535,0.24462511291779587,1923,1200,0.6025,9491,5872,0.6163147138964578,3423,1923,0.7800312012480499,359,3292,0.8909477521263669,6191,1627,2.805162876459742,0.6327849588719154,57869,57867,57868,44771,0
116,16563,38592,0.5708177860696517,6887,5545,0.24201983769161406,1926,1203,0.600997506234414,9618,5916,0.6257606490872212,3427,1932,0.7738095238095237,363,3331,0.8910237166016212,6191,1646,2.761239368165249,0.6327625335258923,58165,58163,58164,44975,0
117,16637,39026,0.5736944601035208,6883,5555,0.239063906390639,1924,1206,0.5953565505804312,9767,5959,0.6390333948649103,3421,1942,0.7615859938208034,371,3371,0.8899436369029962,6195,1666,2.7184873949579833,0.6343403037940195,58725,58723,58724,45198,0
118,16694,39460,0.5769386720729853,6879,5566,0.23589651455264105,1924,1208,0.5927152317880795,9912,6003,0.6511744127936032,3425,1951,0.7555099948744233,377,3410,0.8894428152492668,6189,1685,2.6729970326409496,0.6361964845990351,59283,59281,59282,45400,0
119,16774,39894,0.5795357697899434,6877,5576,0.23332137733142044,1924,1211,0.5887696118909991,10077,6046,0.6667217995368839,3427,1961,0.7475777664456911,380,3449,0.8898231371412003,6187,1705,2.6287390029325515,0.6380575190922612,59842,59840,59841,45646,0
120,16856,40329,0.582037739591857,6878,5586,0.23129251700680276,1923,1214,0.5840197693574958,10259,6090,0.6845648604269294,3429,1971,0.7397260273972603,385,3488,0.8896215596330275,6192,1724,2.5916473317865427,0.6402543004254897,60402,60400,60401,45922,0
121,16937,40763,0.5845006500993548,6882,5597,0.22958727889941044,1924,1216,0.582236842105263,10445,6134,0.7028040430388001,3425,1980,0.7297979797979799,389,3527,0.8897079671108591,6191,1743,2.5519219736087204,0.6424153939533129,60960,60958,60959,46193,0
122,17004,41197,0.5872514988955506,6881,5607,0.2272159800249689,1931,1219,0.5840853158326498,10642,6177,0.7228428039501376,3425,1990,0.721105527638191,394,3567,0.8895430333613681,6195,1763,2.5138967668746455,0.6450690030722216,61520,61518,61519,46472,0
123,17081,41632,0.5897146425826287,6885,5617,0.22574327933060356,1929,1222,0.5785597381342062,10813,6248,0.7306338028169015,3425,2012,0.7022862823061631,401,3797,0.8943903081380037,6194,1763,2.51332955190017,0.6474715042542944,62291,62289,62290,46728,0
124,17162,42066,0.592022060571483,6881,5628,0.22263681592039797,1924,1225,0.5706122448979591,10987,6318,0.7389996834441279,3430,2033,0.6871618298081652,407,4027,0.8989322075987087,6191,1763,2.511627906976744,0.6497090026800298,63060,63058,63059,46982,0
125,17238,42500,0.5944,6880,5638,0.22029088329194746,1924,1227,0.5680521597392012,11123,6389,0.740961026764752,3432,2055,0.6700729927007298,417,4257,0.9020436927413672,6199,1764,2.514172335600907,0.6515377022983283,63830,63828,63829,47213,0
126,17313,42934,0.5967531560068944,6881,5648,0.21830736543909346,1923,1230,0.5634146341463415,11217,6460,0.7363777089783281,3434,2077,0.6533461723639866,427,4487,0.9048361934477379,6203,1764,2.516439909297052,0.6526416817597795,64600,64598,64599,47398,0
127,17399,43369,0.5988148216467983,6880,5659,0.21576250220887072,1921,1233,0.5579886455798864,11281,6530,0.7275650842266463,3433,2099,0.6355407336827061,436,4717,0.9075683697265211,6200,1765,2.5127478753541075,0.6528888956876903,65372,65370,65371,47550,0
128,17471,43803,0.6011460402255553,6886,5669,0.21467630975480678,1922,1235,0.5562753036437247,11344,6601,0.7185274958339645,3432,2121,0.618104667609618,442,4947,0.9106529209621993,6194,1765,2.5093484419263454,0.6535228303598427,66141,66139,66140,47691,0
129,17575,44237,0.6027081402445916,6889,5679,0.21306568057756636,1927,1238,0.5565428109854604,11364,6671,0.7034927297256783,3431,2142,0.6017740429505136,453,5177,0.9124975854742129,6192,1765,2.508215297450425,0.6530459735756561,66909,66907,66908,47831,0
130,17662,44671,0.6046204472700409,6888,5690,0.21054481546572945,1931,1241,0.5560032232070911,11365,6742,0.6857015722337585,3436,2164,0.587800369685767,459,5407,0.9151100425374514,6207,1766,2.514722536806342,0.6527925531914893,67681,67679,67680,47948,0
131,17734,45106,0.6068372278632554,6890,5700,0.2087719298245614,1928,1243,0.5510860820595334,11373,6813,0.6693086745926904,3436,2186,0.5718206770356815,471,5637,0.9164449175093135,6207,1766,2.514722536806342,0.6525054784514244,68451,68449,68450,48039,0
132,17822,45540,0.6086517347386913,6884,5710,0.20560420315236416,1927,1246,0.5465489566613162,11371,6883,0.6520412610780184,3432,2208,0.5543478260869565,480,5867,0.9181864666780296,6201,1912,2.2432008368200838,0.6481799178259929,69366,69364,69365,48117,0
133,17920,45974,0.6102144690477227,6888,5721,0.20398531725222857,1925,1249,0.5412329863891112,11384,6954,0.637043428242738,3430,2230,0.5381165919282511,491,6097,0.9194685911103821,6198,2059,2.010199125789218,0.6441386964130729,70284,70282,70283,48236,0
134,18016,46408,0.6117910705050853,6894,5731,0.20293142558017796,1924,1252,0.5367412140575081,11385,7024,0.620871298405467,3442,2251,0.5290981785872946,502,6327,0.920657499604868,6188,2205,1.8063492063492061,0.6402938326053064,71198,71196,71197,48351,0
135,18120,46843,0.6131759281002498,6894,5741,0.20083609127329738,1924,1254,0.5342902711323765,11384,7041,0.6168157932111915,3439,2273,0.5129784425868895,506,6327,0.9200252884463411,6217,2351,1.6444066354742661,0.6368179983015216,71830,71828,71829,48484,0
136,18250,47277,0.6139771982147768,6896,5752,0.19888734353268434,1931,1257,0.5361972951471758,11376,7057,0.6120164375797081,3436,2295,0.4971677559912855,512,6327,0.9190769717085506,6218,2498,1.4891913530824659,0.6326074356214292,72463,72461,72462,48619,0
137,18344,47711,0.6155184339041311,6894,5762,0.19645956265185704,1932,1260,0.5333333333333334,11366,7074,0.606728866270851,3431,2317,0.4807941303409582,524,6327,0.9171803382329698,6209,2644,1.3483358547655069,0.6285741647741264,73095,73093,73094,48700,0
138,18473,47711,0.6128146549013854,6895,5772,0.19455994455994463,1933,1262,0.5316957210776545,11364,7090,0.6028208744710861,3436,2338,0.46963216424294263,533,6327,0.9157578631262842,6202,2790,1.2229390681003585,0.6223307726944016,73290,73288,73289,48836,0
139,18581,47711,0.6105510259688541,6894,5783,0.19211481929794227,1931,1265,0.5264822134387352,11379,7107,0.6010975094976783,3440,2360,0.4576271186440677,544,6327,0.914019282440335,6196,2937,1.1096356826693907,0.6164323912422267,73490,73488,73489,48965,0
140,18671,47923,0.6103958433320118,6890,5793,0.18936647678232355,1931,1268,0.5228706624605679,11391,7123,0.5991857363470448,3440,2382,0.44416456759026035,550,6327,0.9130709657025446,6191,3083,1.0081089847551086,0.6119651411404909,73899,73897,73898,49064,0
141,18785,48135,0.6097434299366365,6890,5803,0.18731690504911258,1930,1271,0.5184893784421716,11381,7140,0.5939775910364147,3436,2404,0.4292845257903495,558,6327,0.9118065433854907,6207,3229,0.9222669557138432,0.6071486246433763,74309,74307,74308,49187,0
142,18906,48347,0.6089519515171572,6890,5814,0.1850705194358444,1927,1273,0.5137470542026707,11379,7157,0.589911974290904,3433,2430,0.41275720164609053,564,6327,0.9108582266477003,6217,3375,0.842074074074074,0.6022456572361553,74723,74721,74722,49316,0
143,19016,48558,0.6083858478520532,6898,5824,0.18440934065934056,1927,1276,0.5101880877742946,11391,7173,0.588038477624425,3432,2456,0.39739413680781754,570,6327,0.9099099099099099,6215,3522,0.7646223736513345,0.5977374060025288,75136,75134,75135,49449,0
144,19156,48770,0.6072175517736313,6909,5834,0.18426465546794657,1924,1279,0.5043002345582486,11384,7190,0.5833101529902642,3439,2483,0.38501812323801854,572,6327,0.9095938043306464,6205,3782,0.6406663141195135,0.590267498414041,75665,75663,75664,49589,0
145,19242,48982,0.6071618145441182,6914,5845,0.18289136013686913,1924,1281,0.5019516003122559,11378,7206,0.5789619761310019,3434,2509,0.36867277799920295,585,6327,0.9075391180654339,6201,4042,0.5341415141019297,0.5834022391096061,76192,76190,76191,49678,0
146,19357,49194,0.6065170549253974,6907,5855,0.17967549103330493,1925,1284,0.4992211838006231,11379,7223,0.5753841893949883,3436,2535,0.35542406311637076,591,6327,0.9065908013276435,6193,4303,0.43922844527074134,0.5762904066736183,76721,76719,76720,49788,0
147,19473,49406,0.6058575881471886,6898,5865,0.1761295822676896,1924,1287,0.49494949494949503,11378,7239,0.5717640558088133,3430,2562,0.3387978142076502,598,6327,0.9054844318002213,6196,4563,0.3578785886478195,0.5692315658657829,77249,77247,77248,49897,0
148,19583,49617,0.6053167261220953,6898,5876,0.173927842069435,1925,1290,0.49224806201550386,11381,7256,0.5684950385887542,3434,2588,0.3268933539412673,608,6327,0.9039039039039038,6206,4824,0.2864842454394694,0.5626727695848387,77778,77776,77777,50035,0
149,19730,49829,0.6040458367617251,6900,5876,0.17426820966643985,1926,1290,0.49302325581395356,11380,7272,0.5649064906490648,3436,2614,0.31446059678653415,613,6327,0.9031136399557452,6202,4887,0.2690812359320647,0.5598125336133378,78095,78093,78094,50187,0
150,19845,50041,0.6034251913430986,6897,5876,0.1737576582709326,1929,1290,0.49534883720930223,11385,7289,0.5619426533132117,3438,2641,0.30177962892843624,625,6327,0.9012170064801643,6192,4950,0.25090909090909097,0.5572162779131011,78414,78412,78413,50311,0
151,19980,50253,0.6024117963106681,6896,5876,0.17358747447243017,1933,1290,0.4984496124031008,11389,7305,0.5590691307323752,3436,2667,0.28833895763029616,633,6327,0.8999525841631105,6206,5013,0.23798124875324156,0.5547567636225073,78731,78729,78730,50473,0
152,20106,50253,0.5999044833144289,6900,5876,0.17426820966643985,1931,1291,0.495739736638265,11378,7322,0.5539470090139307,3432,2693,0.2744151503898997,642,6327,0.8985301090564248,6200,5076,0.2214342001576044,0.5506932024303309,78838,78836,78837,50589,0
153,20232,50253,0.59739717031819,6900,5876,0.17426820966643985,1926,1291,0.4918667699457784,11383,7332,0.5525095471903982,3435,2953,0.16322384016254654,648,6327,0.8975817923186344,6197,5139,0.20587662969449316,0.5425034735379562,79171,79169,79170,50721,0
154,20369,50253,0.5946709649175174,6888,5876,0.17222600408441124,1924,1291,0.49031758326878383,11379,7343,0.5496391120795314,3437,2945,0.16706281833616288,655,6327,0.8964754227912123,6197,5202,0.191272587466359,0.5391993538290676,79237,79235,79236,50849,0
155,20496,50253,0.5921437526117843,6893,5876,0.17307692307692313,1926,1292,0.49071207430340547,11377,7354,0.5470492249116128,3435,2937,0.16956077630234923,658,6327,0.8960012644223171,6209,5265,0.1792972459639126,0.5364488102593848,79304,79302,79303,50994,0
156,20626,50597,0.5923473723738562,6894,5876,0.17324710687542555,1926,1292,0.49071207430340547,11382,7365,0.5454175152749492,3431,2929,0.1713895527483782,670,6327,0.8941046309467362,6205,5328,0.16460210210210202,0.5353706421788165,79714,79712,79713,51134,0
157,20749,50941,0.5926856559549283,6899,5876,0.17409802586793743,1924,1292,0.4891640866873066,11383,7375,0.543457627118644,3438,2920,0.17739726027397262,671,6327,0.8939465781571044,6198,5391,0.14969393433500278,0.5346413549506371,80122,80120,80121,51262,0
158,20873,51286,0.5930078383964434,6902,5876,0.17460857726344448,1925,1293,0.48878576952822894,11383,7386,0.541158949363661,3434,2912,0.1792582417582418,684,6327,0.8918918918918919,6192,5454,0.13531353135313529,0.5335825065501099,80534,80532,80533,51393,0
159,20993,51541,0.5926931957082711,6895,5876,0.17341729067392775,1926,1293,0.48955916473317873,11381,7397,0.5385967284034068,3433,2904,0.18216253443526176,692,6327,0.890627469574838,6205,5517,0.12470545586369397,0.5322680386870161,80855,80853,80854,51525,0
160,21131,51797,0.5920420101550283,6896,5876,0.17358747447243017,1926,1293,0.48955916473317873,11377,7408,0.5357721382289418,3439,2916,0.17935528120713307,696,6327,0.8899952584163111,6197,5534,0.11980484279002535,0.5311768330252619,81151,81149,81150,51662,0
161,21273,52053,0.5913203849922195,6902,5876,0.17460857726344448,1927,1294,0.4891808346213291,11380,7418,0.5341062280938258,3435,2928,0.173155737704918,703,6327,0.8888888888888888,6193,5509,0.12416046469413677,0.5308830032922215,81405,81403,81404,51813,0
162,21399,52309,0.5909116977957904,6900,5876,0.17426820966643985,1924,1294,0.4868624420401855,11382,7429,0.5321039170817068,3432,2940,0.1673469387755102,710,6327,0.8877825193614667,6207,5485,0.13163172288058345,0.530841670850733,81660,81658,81659,51954,0
163,21526,52564,0.5904801765466859,6897,5876,0.1737576582709326,1922,1294,0.48531684698608957,11372,7440,0.528494623655914,3437,2952,0.16429539295392948,718,6327,0.8865180970444129,6206,5460,0.1366300366300366,0.5305571833186835,81913,81911,81912,52078,0
164,21686,52820,0.5894358197652405,6894,5876,0.17324710687542555,1924,1295,0.48571428571428577,11373,7451,0.5263722990202657,3440,2964,0.1605937921727396,727,6327,0.8850956219377272,6201,5435,0.1409383624655014,0.5299572821205594,82168,82166,82167,52245,0
165,21838,53076,0.5885522646770669,6895,5876,0.17341729067392775,1930,1295,0.49034749034749026,11381,7461,0.525398740115266,3437,2976,0.1549059139784945,732,6327,0.8843053579895686,6198,5411,0.14544446497874697,0.5296587034857622,82422,82420,82421,52411,0
166,21939,53212,0.587705780650981,6900,5876,0.17426820966643985,1935,1295,0.4942084942084941,11379,7472,0.5228854389721627,3433,2989,0.14854466376714615,739,6327,0.8831989884621464,6191,5386,0.14946156702562208,0.5291075148989777,82557,82555,82556,52516,0
167,22080,53348,0.5861138186998576,6894,5876,0.17324710687542555,1933,1296,0.49151234567901225,11370,7483,0.5194440732326606,3433,3001,0.14395201599466834,750,6327,0.8814604077761973,6199,5410,0.1458410351201478,0.5270485859318347,82741,82739,82740,52659,0
168,22203,53484,0.5848665021314785,6890,5876,0.17256637168141586,1932,1296,0.4907407407407407,11377,7494,0.518147851614625,3440,3013,0.14171921672751409,764,6327,0.879247668721353,6213,5434,0.14335664335664333,0.5255839754953391,82924,82922,82923,52819,0
169,22356,53620,0.5830660201417381,6895,5876,0.17341729067392775,1929,1296,0.4884259259259258,11384,7505,0.5168554297135244,3438,3025,0.13652892561983476,769,6327,0.8784574047731942,6207,5458,0.13722975448882369,0.5236084037253628,83107,83105,83106,52978,0
170,22522,53756,0.581032814941588,6898,5876,0.173927842069435,1929,1297,0.48727833461835,11389,7515,0.5155023286759814,3437,3037,0.13170892327955208,774,6327,0.8776671408250356,6205,5482,0.1318861729295877,0.5215334557984848,83290,83288,83289,53154,0
171,22681,53892,0.5791397610034885,6901,5876,0.17443839346494205,1928,1297,0.48650732459521984,11377,7526,0.5116927982992294,3431,3038,0.12936142198815004,779,6327,0.8768768768768769,6199,5506,0.1258626952415547,0.5194282359425361,83462,83460,83461,53296,0
172,22841,54028,0.5772377285851781,6904,5876,0.17494894486044932,1928,1297,0.48650732459521984,11375,7537,0.5092211755340321,3427,3040,0.1273026315789474,793,6327,0.8746641378220326,6192,5530,0.11971066907775763,0.517337446493053,83635,83633,83634,53460,0
173,23024,54028,0.5738505959872658,6900,5876,0.17426820966643985,1927,1297,0.48573631457208943,11374,7548,0.5068892421833597,3435,3041,0.12956264386714889,802,6327,0.873241662715347,6194,5554,0.11523226503420947,0.5144376718059042,83671,83669,83670,53656,0
174,23186,54028,0.5708521507366551,6890,5876,0.17256637168141586,1924,1298,0.48228043143297383,11376,7558,0.5051600952632971,3438,3043,0.12980611238908968,808,6327,0.8722933459775565,6208,5578,0.11294370742201498,0.5118329410921428,83708,83706,83707,53830,0
175,23355,54028,0.5677241430369437,6888,5876,0.17222600408441124,1924,1298,0.48228043143297383,11380,7601,0.49717142481252474,3436,3044,0.12877792378449415,819,6327,0.8705547652916074,6209,5600,0.1087499999999999,0.5085051269502107,83774,83772,83773,54011,0
176,23528,54028,0.5645220996520323,6897,5876,0.1737576582709326,1929,1298,0.48613251155624027,11382,7645,0.4888162197514716,3435,3046,0.12770847012475373,824,6327,0.8697645013434487,6205,5622,0.10369975097829953,0.5052897746925729,83842,83840,83841,54200,0
177,23701,54028,0.5613200562671208,6902,5876,0.17460857726344448,1928,1299,0.4842186297151656,11382,7688,0.48048907388137363,3432,3047,0.12635379061371843,832,6327,0.8685000790263948,6198,5644,0.09815733522324588,0.50185917910092,83909,83907,83908,54375,0
178,23895,54028,0.5577293255349078,6899,5876,0.17409802586793743,1928,1299,0.4842186297151656,11376,7731,0.47147846332945287,3438,3048,0.1279527559055118,842,6327,0.8669195511300775,6193,5666,0.09301094246381925,0.4981541905827994,83975,83973,83974,54571,0
179,24078,54028,0.5543421929369956,6909,5876,0.1757998638529612,1929,1299,0.4849884526558892,11378,7774,0.4635966040648314,3435,3050,0.1262295081967213,851,6327,0.8654970760233918,6196,5688,0.08931082981715899,0.49482990445139874,84042,84040,84041,54776,0
180,24284,54028,0.5505293551491819,6912,5876,0.17631041524846824,1929,1300,0.4838461538461538,11373,7817,0.45490597415888456,3433,3051,0.1252048508685677,859,6327,0.864232653706338,6201,5710,0.08598949211908935,0.4911066723736149,84109,84107,84108,54991,0
181,24480,54028,0.5469016065743688,6909,5876,0.1757998638529612,1928,1300,0.4830769230769232,11369,7860,0.44643765903307897,3431,3053,0.12381264330167041,869,6327,0.8626521258100206,6193,5713,0.08401890425345693,0.48759446741765294,84157,84155,84156,55179,0
182,24630,54028,0.5441252683793589,6906,5876,0.17528931245745416,1925,1300,0.48076923076923084,11373,7903,0.4390737694546374,3434,3055,0.12405891980360062,876,6327,0.8615457562825983,6197,5715,0.08433945756780403,0.48495896820778356,84204,84202,84203,55341,0
183,24797,54028,0.5410342785222477,6901,5876,0.17443839346494205,1922,1301,0.47732513451191383,11380,7947,0.43198691330061667,3427,3057,0.12103369316323187,888,6327,0.8596491228070176,6205,5718,0.0851696397341728,0.4819531648724675,84254,84252,84253,55520,0
184,24985,54028,0.5375546013178352,6893,5876,0.17307692307692313,1926,1301,0.4803996925441967,11380,7990,0.42428035043804746,3432,3058,0.1223021582733812,892,6327,0.8590169116484906,6201,5721,0.08390141583639221,0.47881376037959666,84301,84299,84300,55709,0
185,25190,54028,0.5337602724513215,6890,5876,0.17256637168141586,1937,1301,0.4888547271329746,11373,8033,0.41578488733972363,3447,3060,0.1264705882352941,899,6327,0.8579105421210684,6194,5723,0.08229949327275898,0.4755830082871946,84348,84346,84347,55930,0
186,25376,54028,0.5303176130895091,6892,5876,0.1729067392784207,1940,1302,0.49001536098310283,11370,8076,0.40787518573551274,3442,3062,0.12410189418680595,905,6327,0.856962225383278,6199,5726,0.08260565840027945,0.47247499881510974,84397,84395,84396,56124,0
187,25530,54028,0.5274672392092989,6902,5876,0.17460857726344448,1942,1302,0.4915514592933947,11362,8119,0.3994334277620397,3438,3064,0.1220626631853785,913,6327,0.8556978030662241,6192,5729,0.08081689649153434,0.4696366822983279,84445,84443,84444,56279,0
188,25688,54028,0.5245428296438883,6904,5876,0.17494894486044932,1941,1302,0.4907834101382489,11366,8162,0.392550845381034,3437,3065,0.12137030995106035,922,6327,0.8542753279595385,6198,5731,0.08148665154423318,0.4669783406320275,84491,84489,84490,56456,0
189,25862,54028,0.5213222773376768,6903,5876,0.1747787610619469,1939,1303,0.4881043745203377,11370,8200,0.38658536585365844,3435,3073,0.11780019524894247,930,6327,0.8530109056424846,6193,5731,0.08061420345489445,0.46393886700498005,84538,84536,84537,56632,0
190,26045,54028,0.5179351447397645,6899,5876,0.17409802586793743,1936,1303,0.4858019953952417,11371,8237,0.3804783294888916,3433,3081,0.11424862057773444,946,6327,0.8504820610083768,6194,5731,0.08078869307276215,0.46072450403159065,84583,84581,84582,56824,0
191,26195,54028,0.5151588065447545,6891,5876,0.17273655547991829,1935,1303,0.4850345356868764,11367,8274,0.3738216098622189,3430,3089,0.11039171252832625,958,6327,0.848585427532796,6192,5731,0.08043971383702675,0.45782079005518334,84628,84626,84627,56968,0
192,26339,54028,0.512493521877545,6893,5876,0.17307692307692313,1934,1304,0.4831288343558282,11375,8311,0.36866803032126105,3428,3097,0.10687762350661933,974,6327,0.8460565828986881,6197,5730,0.081500872600349,0.45529809145880573,84673,84671,84672,57140,0
193,26490,54028,0.5096986747612349,6897,5876,0.1737576582709326,1934,1304,0.4831288343558282,11379,8348,0.36308097747963575,3434,3104,0.10631443298969079,980,6327,0.8451082661608977,6201,5730,0.08219895287958123,0.45290145899239814,84717,84715,84716,57315,0
194,26652,54028,0.5067002295106241,6899,5876,0.17409802586793743,1932,1304,0.48159509202454,11376,8386,0.35654662532792747,3435,3112,0.10379177377892024,987,6327,0.8440018966334756,6199,5730,0.081849912739965,0.45007196621127393,84763,84761,84762,57480,0
195,26821,54028,0.5035722218109129,6903,5876,0.1747787610619469,1930,1304,0.48006134969325154,11375,8423,0.35046895405437484,3432,3120,0.10000000000000009,993,6327,0.8430535798956852,6191,5729,0.0806423459591552,0.4471381741857887,84807,84805,84806,57645,0
196,26989,54028,0.5004627230325016,6906,5876,0.17528931245745416,1926,1305,0.4758620689655173,11367,8460,0.34361702127659566,3433,3128,0.09750639386189253,1001,6327,0.8417891575786313,6192,5729,0.08081689649153434,0.4441969546975911,84853,84851,84852,57814,0
197,27165,54028,0.49720515288368994,6906,5876,0.17528931245745416,1926,1305,0.4758620689655173,11357,8497,0.33658938448864295,3431,3136,0.09406887755102034,1006,6327,0.8409988936304726,6189,5729,0.08029324489439693,0.4411227723005524,84898,84896,84897,57980,0
198,27301,54028,0.49468793958688084,6901,5876,0.17443839346494205,1924,1305,0.4743295019157088,11363,8573,0.32544033593841126,3435,3141,0.09360076408787021,1025,6327,0.8379958906274696,6208,5729,0.0836097050096003,0.43818400056485207,84979,84977,84978,58157,0
199,27479,54028,0.49139335159546904,6896,5876,0.17358747447243017,1924,1306,0.4732006125574273,11375,8649,0.31518094577407796,3435,3146,0.09186268277177367,1025,6327,0.8379958906274696,6212,5728,0.0844972067039107,0.4348511033517911,85060,85058,85059,58346,0
200,27641,54028,0.48839490634485827,6892,5876,0.1729067392784207,1927,1306,0.4754977029096479,11374,8725,0.30361031518624637,3433,3151,0.0894953982862583,1027,6327,0.8376797850482061,6208,5728,0.08379888268156432,0.43146582100070474,85141,85139,85140,58502,0
201,27838,54028,0.48474864884874513,6894,5876,0.17324710687542555,1930,1306,0.47779479326186824,11371,8801,0.29201227133280305,3434,3156,0.08808618504435994,1032,6327,0.8368895211000474,6204,5728,0.08310055865921795,0.42772321376186623,85222,85220,85221,58703,0
202,28009,54028,0.4815836233064337,6889,5876,0.17239618788291344,1927,1307,0.4743687834736037,11369,8876,0.2808697611536728,3434,3162,0.08602150537634401,1038,6327,0.8359412043622569,6193,5728,0.08118016759776547,0.4240296355345064,85304,85302,85303,58859,0
203,28181,54028,0.47840008884282226,6897,5876,0.1737576582709326,1927,1307,0.4743687834736037,11367,8952,0.2697721179624666,3434,3167,0.08430691506157251,1048,6327,0.8343606764659396,6189,5728,0.0804818435754191,0.4205705987070177,85385,85383,85384,59043,0
204,28374,54028,0.4748278670319094,6904,5876,0.17494894486044932,1925,1307,0.4728385615914308,11369,9028,0.2593043863535667,3431,3172,0.0816519546027743,1057,6327,0.832938201359254,6203,5728,0.0829259776536313,0.4170713157432867,85466,85464,85465,59263,0
205,28547,54028,0.4716258236469979,6911,5876,0.17614023144996604,1922,1308,0.46941896024464835,11367,9104,0.2485720562390159,3436,3177,0.08152344979540449,1059,6327,0.8326220957799906,6208,5728,0.08379888268156432,0.41380761452768655,85548,85546,85547,59450,0
206,28727,54028,0.46829421781298586,6908,5876,0.17562968005445878,1928,1308,0.47400611620795097,11362,9180,0.23769063180827876,3435,3182,0.07950974230044006,1066,6327,0.8315157262525683,6197,5727,0.08206740003492219,0.41013932521284174,85628,85626,85627,59623,0
207,28902,54028,0.46505515658547425,6902,5876,0.17460857726344448,1934,1308,0.4785932721712538,11371,9256,0.22850043215211757,3432,3188,0.07653701380175648,1080,6327,0.829302987197724,6188,5727,0.08049589662999823,0.4065500705876862,85710,85708,85709,59809,0
208,29050,54028,0.4623158362330644,6901,5876,0.17443839346494205,1940,1309,0.4820473644003056,11374,9331,0.21894759404136743,3431,3193,0.07453805198872532,1087,6327,0.828196617670302,6197,5727,0.08206740003492219,0.4036018183937522,85791,85789,85790,59980,0
209,29217,54028,0.4592248463759532,6894,5876,0.17324710687542555,1938,1309,0.48051948051948057,11375,9407,0.20920591049218662,3439,3198,0.07535959974984374,1093,6327,0.8272483009325114,6196,5727,0.08189278854548632,0.40025154010084896,85872,85870,85871,60152,0
210,29391,54028,0.45600429406974163,6891,5876,0.17273655547991829,1938,1309,0.48051948051948057,11380,9483,0.2000421807444901,3435,3203,0.07243209491102087,1106,6327,0.8251936146672989,6195,5727,0.08171817705605022,0.396721425912137,85953,85951,85952,60336,0
211,29553,54028,0.45300584881913086,6894,5876,0.17324710687542555,1936,1310,0.47786259541984744,11376,9559,0.1900826446280992,3433,3208,0.070137157107232,1114,6327,0.823929192350245,6198,5727,0.08224201152435828,0.39339098495943464,86035,86033,86034,60504,0
212,29722,54028,0.44987784111941953,6896,5876,0.17358747447243017,1935,1310,0.47709923664122145,11371,9640,0.17956431535269712,3431,3214,0.06751711263223403,1122,6327,0.822664770033191,6197,5752,0.07736439499304582,0.38944350289044183,86147,86145,86146,60674,0
213,29886,54028,0.44684237802620863,6900,5876,0.17426820966643985,1933,1310,0.47557251908396947,11364,9720,0.16913580246913584,3429,3219,0.06523765144454807,1130,6327,0.8214003477161371,6193,5776,0.07219529085872578,0.3855660541417889,86256,86254,86255,60835,0
214,30058,54028,0.4436588435625972,6896,5876,0.17358747447243017,1930,1311,0.4721586575133485,11364,9801,0.15947352310988672,3433,3224,0.0648263027295286,1135,6327,0.8206100837679785,6191,5801,0.06722978796759183,0.381661977375618,86368,86366,86367,61007,0
215,30236,54028,0.4403642555711853,6892,5876,0.1729067392784207,1930,1311,0.4721586575133485,11364,9882,0.14996964177292038,3433,3229,0.06317745432022304,1146,6327,0.8188715030820294,6194,5826,0.06316512186749046,0.37769143597215477,86479,86477,86478,61195,0
216,30416,54028,0.43703264973717326,6890,5876,0.17256637168141586,1925,1311,0.46834477498093063,11358,9962,0.14013250351335071,3433,3234,0.061533704390847266,1151,6327,0.8180812391338708,6197,5851,0.05913519056571537,0.3736891948075946,86589,86587,86588,61370,0
217,30603,54028,0.4335714814540609,6889,5876,0.17239618788291344,1925,1312,0.4672256097560976,11358,10043,0.13093697102459423,3429,3240,0.05833333333333335,1166,6327,0.8157104472893947,6195,5876,0.05428863172225995,0.36948824119675666,86702,86700,86701,61565,0
218,30768,54028,0.4305175094395499,6893,5886,0.17108392796466187,1924,1315,0.4631178707224335,11364,10123,0.12259211696137506,3432,3245,0.057627118644067776,1179,6327,0.8136557610241821,6194,5901,0.04965260125402482,0.36562471206118125,86825,86823,86824,61754,0
219,30944,54028,0.42725993929073813,6895,5896,0.169436906377205,1929,1319,0.4624715693707353,11361,10204,0.11338690709525667,3435,3250,0.056923076923076854,1183,6327,0.8130235498656551,6204,5926,0.046911913601080046,0.3617867945577292,86950,86948,86949,61951,0
220,31111,54028,0.42416894943362704,6897,5906,0.1677954622417881,1930,1323,0.4588057445200302,11367,10285,0.10520175012153632,3434,3255,0.05499231950844852,1185,6327,0.8127074442863916,6201,5950,0.042184873949579815,0.35796400721233906,87074,87072,87073,62125,0
221,31277,54028,0.4210964684978159,6892,5916,0.16497633536173084,1936,1327,0.45892991710625464,11374,10365,0.0973468403280271,3433,3260,0.053067484662576714,1195,6327,0.8111269163900743,6196,5975,0.036987447698744846,0.35403740954390633,87198,87196,87197,62303,0
222,31423,54028,0.4183941659880063,6892,5926,0.16301046236922034,1936,1331,0.4545454545454546,11369,10446,0.08835918054757808,3434,3265,0.05176110260336908,1198,6327,0.8106527580211791,6195,6000,0.03249999999999997,0.3503355397265294,87323,87321,87322,62447,0
223,31590,54028,0.41530317613089507,6894,5936,0.16138814016172498,1935,1335,0.449438202247191,11365,10527,0.07960482568633043,3432,3271,0.0492204218893304,1205,6327,0.8095463884937569,6193,6025,0.027883817427385882,0.3463200988015735,87449,87447,87448,62614,0
224,31779,54028,0.41180499000518245,6901,5947,0.16041701698335298,1935,1339,0.44510828976848393,11371,10607,0.07202790609974552,3436,3276,0.04884004884004889,1212,6327,0.8084400189663348,6198,6050,0.024462809917355388,0.3424114738560972,87574,87572,87573,62832,0
225,31974,54028,0.40819575035166955,6904,5957,0.15897263723350674,1935,1343,0.4408041697691736,11362,10688,0.06306137724550909,3432,3281,0.04602255409935996,1219,6327,0.8073336494389126,6204,6075,0.021234567901234458,0.3381491026021118,87699,87697,87698,63030,0
226,32143,54028,0.4050677426519582,6904,5967,0.15703033350092177,1932,1347,0.4342984409799555,11358,10768,0.05479197622585441,3431,3286,0.044126597687157654,1227,6327,0.8060692271218587,6202,6100,0.016721311475409895,0.3341304001275307,87823,87821,87822,63197,0
227,32300,54028,0.40216184200784777,6904,5977,0.1550945290279404,1930,1351,0.4285714285714286,11360,10791,0.05272912612362157,3427,3299,0.03879963625341021,1236,6327,0.8046467520151731,6196,6108,0.014407334643091074,0.33124715521165227,87881,87879,87880,63353,0
228,32470,54028,0.3990153253868365,6900,5987,0.15249707700016701,1926,1355,0.4214022140221403,11364,10814,0.05085999630109117,3434,3311,0.037148897614013965,1248,6327,0.8027501185395922,6187,6116,0.011608894702419992,0.32824635818824843,87938,87936,87937,63529,0
229,32636,54028,0.39594284445102534,6897,5997,0.1500750375187594,1923,1359,0.4150110375275937,11364,10837,0.048629694564916504,3434,3323,0.0334035510081252,1262,6327,0.8005373794847479,6185,6124,0.009960809928151626,0.32524944882605633,87995,87993,87994,63701,0
230,32811,54028,0.39270378322351374,6896,6008,0.14780292942743012,1919,1363,0.4079236977256053,11362,10860,0.04622467771639038,3434,3336,0.029376498800959272,1270,6327,0.799272957167694,6203,6132,0.01157860404435751,0.3224080951245273,88054,88052,88053,63895,0
231,33020,54028,0.3888354186717998,6891,6041,0.14070518126138065,1928,1364,0.4134897360703813,11362,10883,0.044013599191399466,3437,3348,0.02658303464755085,1280,6327,0.7976924292713766,6197,6140,0.009283387622149863,0.31877907636446157,88131,88129,88130,64115,0
232,33213,54028,0.38526319686088695,6890,6074,0.1343431017451433,1946,1365,0.4256410256410257,11360,10905,0.04172397982576803,3435,3360,0.022321428571428603,1284,6327,0.7970602181128497,6193,6149,0.007155635062611854,0.3154965025451495,88208,88206,88207,64321,0
233,33361,54028,0.3825238765084771,6898,6108,0.12933857236411272,1952,1367,0.42794440380395016,11364,10928,0.03989751098096628,3433,3373,0.017788319003854136,1290,6327,0.7961119013750593,6195,6157,0.006171836933571484,0.312764053597925,88288,88286,88287,64493,0
234,33555,54028,0.37893314577626414,6904,6141,0.1242468653313793,1949,1368,0.42470760233918137,11363,10951,0.037622134964843346,3431,3385,0.013589364844903917,1295,6327,0.7953216374269005,6200,6165,0.005677210056772131,0.3094246525734462,88365,88363,88364,64697,0
235,33751,54028,0.37530539720145106,6908,6174,0.11888564949789449,1947,1369,0.4222059897735573,11366,10974,0.03572079460543098,3433,3397,0.01059758610538708,1300,6327,0.7945313734787419,6196,6173,0.0037259031265186593,0.3060458384685836,88442,88440,88441,64901,0
236,33888,54028,0.372769674983342,6907,6208,0.11259664948453607,1946,1371,0.4194018964259665,11365,10997,0.03346367191052102,3432,3410,0.006451612903225712,1312,6327,0.792634740003161,6191,6181,0.0016178611875101723,0.30308062493645577,88522,88520,88521,65041,0
237,34052,54028,0.369734211890131,6905,6241,0.10639320621695236,1943,1372,0.41618075801749277,11363,11020,0.031125226860253985,3432,3422,0.0029222676797193703,1321,6327,0.7912122648964754,6191,6189,0.0003231539828727481,0.29991647666990223,88599,88597,88598,65207,0
238,34227,54028,0.3664951506626194,6898,6275,0.0992828685258964,1940,1374,0.4119359534206697,11366,11043,0.02924929819795352,3433,3434,0.0002912055911473699,1327,6327,0.7902639481586851,6186,6198,0.0019361084220715918,0.29687182841290966,88679,88677,88678,65377,0
239,34393,54028,0.36342266972680837,6892,6275,0.09832669322709164,1938,1385,0.3992779783393501,11363,11043,0.028977632889613414,3434,3434,0.0,1339,6330,0.7884676145339653,6200,6198,0.00032268473701191347,0.2944797726965228,88693,88691,88692,65559,0
240,34563,54028,0.36027615310579697,6892,6275,0.09832669322709164,1935,1396,0.38610315186246424,11354,11043,0.02816263696459287,3427,3434,0.002038439138031478,1350,6333,0.7868308858360966,6190,6198,0.001290738948047765,0.2923139359231619,88707,88705,88706,65711,0
241,34719,54028,0.3573887613829866,6893,6275,0.09848605577689251,1932,1407,0.3731343283582089,11358,11043,0.028524857375713086,3426,3434,0.002329644729178848,1369,6336,0.7839330808080808,6192,6198,0.0009680542110358514,0.29021641118124436,88721,88719,88720,65889,0
242,34880,54028,0.3544088250536759,6898,6275,0.0992828685258964,1929,1418,0.3603667136812412,11365,11043,0.02915874309517341,3437,3434,0.0008736167734419986,1378,6339,0.782615554503865,6198,6198,0.0,0.28814208758762144,88735,88733,88734,66085,0
243,35019,54028,0.3518360849929666,6903,6275,0.1000796812749003,1928,1429,0.34919524142757163,11369,11043,0.02952096350629363,3439,3434,0.0014560279557367384,1379,6342,0.782560706401766,6195,6198,0.0004840271055178702,0.28657547212331547,88749,88747,88748,66232,0
244,35175,54028,0.3489486932701562,6907,6275,0.10071713147410355,1926,1440,0.3374999999999999,11367,11043,0.02933985330073341,3436,3434,0.0005824111822947398,1381,6345,0.7823483057525611,6196,6198,0.00032268473701191347,0.28461503796669746,88763,88761,88762,66388,0
245,35329,54028,0.34609831938994595,6906,6275,0.10055776892430268,1926,1451,0.3273604410751205,11367,11043,0.02933985330073341,3435,3434,0.00029120559114725886,1384,6348,0.7819785759294267,6196,6198,0.00032268473701191347,0.28268901504911237,88777,88775,88776,66543,0
246,35477,54028,0.3433589990375361,6904,6276,0.10006373486297004,1925,1461,0.31759069130732365,11373,11043,0.029883183917413847,3431,3434,0.0008736167734419986,1392,6351,0.7808219178082192,6195,6198,0.0004840271055178702,0.280864962270526,88791,88789,88790,66697,0
247,35640,54028,0.34034204486562525,6896,6278,0.09843899330997141,1923,1471,0.3072739632902788,11364,11043,0.029068187992393302,3434,3434,0.0,1396,6354,0.7802958766131571,6192,6198,0.0009680542110358514,0.27862169922864705,88806,88804,88805,66845,0
248,35799,54028,0.33739912637891467,6890,6279,0.09730848861283636,1925,1482,0.2989203778677463,11364,11043,0.029068187992393302,3437,3434,0.0008736167734419986,1402,6357,0.7794557181060249,6193,6198,0.0008067118425298947,0.2765931096599865,88821,88819,88820,67010,0
249,35967,54028,0.3342896276005034,6890,6281,0.09695908294857514,1927,1492,0.2915549597855227,11368,11043,0.02943040840351352,3437,3434,0.0008736167734419986,1406,6360,0.7789308176100629,6196,6198,0.00032268473701191347,0.27454269150672594,88836,88834,88835,67191,0
250,36104,54028,0.33175390538239435,6895,6283,0.09740569791500886,1930,1502,0.28495339547270304,11371,11043,0.029702073711853627,3434,3434,0.0,1415,6363,0.7776206192047777,6196,6198,0.00032268473701191347,0.2728418683173889,88851,88849,88850,67345,0
251,36262,54028,0.32882949581698384,6893,6284,0.09691279439847222,1934,1513,0.2782551222736285,11372,11043,0.029792628814633737,3430,3434,0.0011648223645893685,1424,6366,0.7763116556707509,6201,6198,0.0004840271055179812,0.270905305800934,88866,88864,88865,67516,0
252,36420,54028,0.3259050862515732,6900,6286,0.09767737830098633,1933,1523,0.2692055154300723,11361,11043,0.028796522684053194,3435,3434,0.00029120559114725886,1426,6369,0.7761029989009264,6200,6198,0.00032268473701191347,0.26885688568856886,88881,88879,88880,67675,0
253,36554,54028,0.32342489079736436,6901,6287,0.09766184189597582,1931,1533,0.25962165688193095,11370,11043,0.029611518609073517,3433,3434,0.0002912055911473699,1432,6372,0.7752667922159447,6197,6198,0.00016134236850595673,0.26722838436789886,88895,88893,88894,67818,0
254,36687,54028,0.32096320426445546,6905,6289,0.09794879949117496,1928,1544,0.24870466321243523,11362,11043,0.028887077786833304,3435,3434,0.00029120559114725886,1434,6375,0.7750588235294118,6187,6198,0.001774766053565635,0.2655831739961759,88911,88909,88910,67938,0
255,36812,54028,0.3186495891019472,6901,6291,0.09696391670640603,1925,1554,0.23873873873873874,11366,11043,0.02924929819795352,3435,3434,0.00029120559114725886,1439,6378,0.7743806835998746,6195,6198,0.0004840271055178702,0.26385156030362666,88926,88924,88925,68073,0
256,36936,54028,0.31635448286073886,6895,6292,0.09583598219961864,1923,1564,0.2295396419437341,11368,11043,0.02943040840351352,3431,3434,0.0008736167734419986,1447,6381,0.7732330355743614,6196,6198,0.00032268473701191347,0.26217969619626935,88940,88938,88939,68196,0
257,37064,54028,0.3139853409343304,6892,6294,0.09501112170320947,1928,1575,0.22412698412698417,11366,11043,0.02924929819795352,3430,3434,0.0011648223645893685,1454,6384,0.7722431077694236,6201,6198,0.0004840271055179812,0.2605249845427463,88956,88954,88955,68335,0
258,37213,54028,0.31122751166062046,6891,6295,0.09467831612390776,1935,1585,0.2208201892744479,11362,11043,0.028887077786833304,3429,3434,0.0014560279557367384,1457,6387,0.7718803820259903,6199,6198,0.00016134236850606776,0.2586968494644202,88970,88968,88969,68486,0
259,37377,54028,0.30819204856740945,6898,6297,0.09544227409877726,1935,1595,0.21316614420062696,11362,11043,0.028887077786833304,3432,3434,0.0005824111822947398,1463,6390,0.7710485133020344,6195,6198,0.0004840271055178702,0.25670907129371573,88985,88983,88984,68662,0
260,37526,54028,0.3054342192936995,6900,6299,0.09541197015399261,1933,1606,0.2036114570361145,11357,11043,0.028434302272932976,3433,3434,0.0002912055911473699,1466,6393,0.7706866885656186,6192,6198,0.0009680542110358514,0.25480898876404495,89001,88999,89000,68807,0
261,37670,54028,0.30276893462649,6896,6300,0.09460317460317458,1930,1616,0.19430693069306937,11352,11043,0.02798152675903287,3431,3434,0.0008736167734419986,1473,6396,0.7696998123827392,6193,6198,0.0008067118425298947,0.25285910081560203,89015,89013,89014,68945,0
262,37808,54028,0.3002147034870808,6893,6302,0.09377975245953674,1926,1626,0.18450184501845013,11345,11043,0.027347641039572546,3434,3434,0.0,1482,6399,0.7684013127051101,6196,6198,0.00032268473701191347,0.25083961405834054,89030,89028,89029,69084,0
263,37937,54028,0.29782705263937215,6891,6304,0.09311548223350252,1926,1637,0.1765424557116677,11350,11043,0.027800416553472873,3429,3434,0.0014560279557367384,1492,6402,0.7669478288034989,6191,6198,0.0011293965795418082,0.24926722443708238,89046,89044,89045,69216,0
264,38054,54028,0.2956615088472644,6890,6323,0.08967262375454688,1926,1661,0.15954244431065634,11353,11043,0.02807208186181298,3425,3434,0.002620850320326107,1500,6405,0.765807962529274,6196,6198,0.00032268473701191347,0.24729770683907465,89092,89090,89091,69344,0
265,38163,54028,0.29364403642555714,6891,6343,0.08639445057543749,1926,1685,0.14302670623145408,11358,11043,0.028524857375713086,3433,3434,0.0002912055911473699,1510,6408,0.7643570536828964,6197,6198,0.00016134236850595673,0.24533868832596648,89139,89137,89138,69478,0
266,38281,54028,0.2914599837121492,6902,6362,0.0848789688777114,1926,1709,0.12697483908718543,11358,11043,0.028524857375713086,3438,3434,0.0011648223645894795,1516,6411,0.7635314303540789,6198,6198,0.0,0.24351901686401148,89185,89183,89184,69619,0
267,38418,54028,0.28892426149404016,6899,6382,0.08100908806016927,1924,1733,0.1102135025966533,11356,11043,0.02834374717015309,3436,3435,0.0002911208151383793,1520,6414,0.7630183972560025,6193,6198,0.0008067118425298947,0.24129236148466918,89233,89231,89232,69746,0
268,38561,54028,0.2862774857481306,6891,6401,0.07655053897828457,1926,1757,0.09618668184405244,11368,11043,0.02943040840351352,3434,3435,0.00029112081513826826,1524,6417,0.7625058438522674,6192,6198,0.0009680542110358514,0.23915186272093908,89279,89277,89278,69896,0
269,38677,54028,0.2841304508773229,6888,6421,0.07273010434511762,1930,1781,0.08366086468276257,11367,11043,0.02933985330073341,3430,3435,0.0014556040756914523,1529,6420,0.7618380062305297,6195,6198,0.0004840271055178702,0.23722362160649316,89326,89324,89325,70016,0
270,38815,54028,0.2815762197379137,6885,6440,0.06909937888198758,1932,1806,0.06976744186046502,11370,11043,0.029611518609073517,3435,3435,0.0,1536,6423,0.760859411489958,6189,6198,0.0014520813165537216,0.23505124647540618,89373,89371,89372,70162,0
271,38954,54028,0.2790034796772044,6889,6460,0.06640866873065021,1930,1806,0.06866002214839417,11364,11043,0.029068187992393302,3434,3435,0.00029112081513826826,1542,6426,0.7600373482726424,6198,6198,0.0,0.23304435371105767,89396,89394,89395,70311,0
272,39053,54028,0.2771710964684978,6898,6479,0.06467047383855529,1929,1806,0.06810631229235886,11363,11043,0.028977632889613414,3433,3435,0.0005822416302765365,1551,6429,0.758749416705553,6199,6198,0.00016134236850606776,0.23170090698636725,89418,89416,89417,70426,0
273,39489,54028,0.2691012067816687,6905,6499,0.06247114940760112,1927,1806,0.06699889258028802,11366,11043,0.02924929819795352,3432,3435,0.0008733624454148048,1558,6432,0.757773631840796,6190,6198,0.001290738948047765,0.22667710196779964,89441,89439,89440,70867,0
274,39619,54028,0.2666950470126601,6904,6518,0.059220619822031306,1925,1806,0.06589147286821695,11365,11043,0.02915874309517341,3430,3435,0.0014556040756914523,1565,6435,0.7567987567987569,6198,6198,0.0,0.22479935615121505,89463,89461,89462,71006,0
275,39765,54028,0.2639927445028504,6898,6538,0.055062710308962926,1926,1806,0.06644518272425248,11366,11043,0.02924929819795352,3432,3435,0.0008733624454148048,1571,6438,0.7559801180490836,6199,6198,0.00016134236850606776,0.22279711683522377,89486,89484,89485,71157,0
276,39873,54028,0.2619937810024432,6884,6557,0.04987036754613383,1926,1806,0.06644518272425248,11364,11043,0.029068187992393302,3437,3435,0.0005822416302765365,1576,6441,0.7553174972830305,6191,6198,0.0011293965795418082,0.22117823187013305,89508,89506,89507,71251,0
277,40030,54028,0.25908788035833274,6884,6577,0.04667781663372361,1929,1806,0.06810631229235886,11366,11043,0.02924929819795352,3436,3435,0.0002911208151383793,1581,6444,0.7546554934823091,6187,6198,0.001774766053565635,0.2192114375069809,89531,89529,89530,71413,0
278,40160,54028,0.25668172058932404,6886,6596,0.04396604002425719,1930,1806,0.06866002214839417,11367,11043,0.02933985330073341,3429,3435,0.0017467248908297206,1589,6447,0.753528773072747,6193,6198,0.0008067118425298947,0.217471413257102,89553,89551,89552,71554,0
279,40307,54028,0.25396090915821423,6888,6616,0.04111245465538094,1929,1806,0.06810631229235886,11359,11043,0.028615412478493196,3433,3435,0.0005822416302765365,1595,6450,0.7527131782945736,6206,6198,0.0012907389480476539,0.21542841194529724,89576,89574,89575,71717,0
280,40427,54028,0.2517398386022063,6892,6635,0.03873398643556891,1929,1806,0.06810631229235886,11366,11043,0.02924929819795352,3432,3435,0.0008733624454148048,1602,6453,0.7517433751743375,6204,6198,0.0009680542110357404,0.2138910901034633,89598,89596,89597,71852,0
281,40536,54028,0.24972236618049903,6896,6655,0.036213373403455984,1928,1806,0.06755260243632333,11359,11043,0.028615412478493196,3431,3435,0.001164483260553184,1612,6456,0.7503097893432467,6195,6198,0.0004840271055178702,0.21225172952465968,89621,89619,89620,71957,0
282,40656,54028,0.24750129562449097,6900,6674,0.03386275097392866,1927,1806,0.06699889258028802,11364,11043,0.029068187992393302,3432,3435,0.0008733624454148048,1620,6459,0.7491871806781236,6195,6198,0.0004840271055178702,0.21067133709645033,89643,89641,89642,72094,0
283,40767,54028,0.2454468053601836,6902,6694,0.031072602330445065,1926,1806,0.06644518272425248,11358,11043,0.028524857375713086,3431,3435,0.001164483260553184,1629,6462,0.7479108635097493,6195,6198,0.0004840271055178702,0.20904477778397368,89666,89664,89665,72208,0
284,40900,54028,0.2429851188272747,6897,6713,0.027409503947564362,1926,1806,0.06644518272425248,11355,11043,0.02825319206737298,3429,3435,0.0017467248908297206,1644,6465,0.745707656612529,6196,6198,0.00032268473701191347,0.2070868687769688,89688,89686,89687,72347,0
285,41020,54028,0.24076404827126674,6891,6733,0.023466508242982353,1926,1806,0.06644518272425248,11349,11043,0.027709861450692763,3428,3435,0.002037845705967989,1656,6468,0.7439703153988868,6191,6198,0.0011293965795418082,0.20530598595474306,89711,89709,89710,72461,0
286,41124,54028,0.23883912045605982,6892,6752,0.020734597156398138,1925,1806,0.06589147286821695,11352,11043,0.02798152675903287,3429,3435,0.0017467248908297206,1663,6471,0.7430072631741617,6194,6198,0.0006453694740238269,0.20382918022556057,89733,89731,89732,72579,0
287,41231,54028,0.2368586658769527,6898,6772,0.018606024808033084,1921,1806,0.06367663344407526,11349,11043,0.027709861450692763,3436,3435,0.0002911208151383793,1673,6474,0.7415817114612295,6192,6198,0.0009680542110358514,0.20223942955824187,89756,89754,89755,72700,0
288,41348,54028,0.23469312208484494,6900,6791,0.01605065527904581,1921,1806,0.06367663344407526,11358,11043,0.028524857375713086,3435,3435,0.0,1679,6477,0.7407750501775514,6189,6198,0.0014520813165537216,0.2007863929514241,89778,89776,89777,72830,0
289,41439,54028,0.23300881024653886,6903,6811,0.013507561297900539,1926,1806,0.06644518272425248,11366,11043,0.02924929819795352,3431,3435,0.001164483260553184,1689,6480,0.7393518518518518,6193,6198,0.0008067118425298947,0.1995991091314031,89801,89799,89800,72947,0
290,41555,54028,0.23086177537573105,6902,6830,0.010541727672035206,1934,1806,0.07087486157253609,11369,11043,0.02952096350629363,3431,3435,0.001164483260553184,1695,6483,0.7385469689958353,6198,6198,0.0,0.19806951526352118,89823,89821,89822,73084,0
291,41672,54028,0.2286962315836233,6893,6850,0.006277372262773806,1939,1806,0.07364341085271309,11365,11043,0.02915874309517341,3432,3435,0.0008733624454148048,1699,6486,0.7380511871723713,6196,6198,0.00032268473701191347,0.19640491958372752,89846,89844,89845,73196,0
292,41785,54028,0.22660472347671579,6886,6853,0.0048154093097914075,1939,1814,0.06890848952590956,11360,11043,0.028705967581273306,3434,3435,0.00029112081513826826,1706,6489,0.7370935429187857,6194,6198,0.0006453694740238269,0.19481632335102772,89860,89858,89859,73304,0
293,41886,54028,0.22473532242540906,6882,6857,0.0036459092897769274,1936,1823,0.06198573779484362,11359,11043,0.028615412478493196,3430,3435,0.0014556040756914523,1720,6492,0.7350585335797906,6197,6198,0.00016134236850595673,0.19331293463143254,89876,89874,89875,73410,0
294,41989,54028,0.2228289035315022,6884,6861,0.0033522810085993004,1935,1831,0.056799563080284,11356,11043,0.02834374717015309,3433,3435,0.0005822416302765365,1732,6495,0.7333333333333334,6194,6198,0.0006453694740238269,0.1918789631772166,89891,89889,89890,73523,0
295,42107,54028,0.22064485081809437,6889,6865,0.003495994173343009,1932,1840,0.050000000000000044,11352,11043,0.02798152675903287,3434,3435,0.00029112081513826826,1733,6498,0.7333025546321945,6193,6198,0.0008067118425298947,0.19038773830445133,89907,89905,89906,73640,0
296,42204,54028,0.2188494854519879,6887,6869,0.002620468772747131,1929,1848,0.043831168831168776,11361,11043,0.028796522684053194,3433,3435,0.0005822416302765365,1736,6501,0.7329641593600984,6193,6198,0.0008067118425298947,0.18919940836956883,89922,89920,89921,73743,0
297,42311,54028,0.21686903087288067,6892,6873,0.002764440564527959,1926,1857,0.037156704361873905,11364,11051,0.028323228667088918,3429,3435,0.0017467248908297206,1744,6504,0.7318573185731858,6191,6197,0.0009682104243988743,0.1877835097393934,89945,89943,89944,73857,0
298,42389,54028,0.21542533501147554,6892,6877,0.0021811836556637765,1921,1866,0.029474812433011754,11357,11059,0.026946378515236402,3431,3435,0.001164483260553184,1752,6507,0.7307514983863532,6197,6197,0.0,0.18635514849724347,89969,89967,89968,73939,0
299,42484,54028,0.2136669874879692,6891,6881,0.0014532771399506927,1920,1874,0.0245464247598719,11355,11067,0.026023312550826683,3427,3435,0.002328966521106257,1759,6510,0.729800307219662,6193,6196,0.0004841833440929477,0.18502055783975999,89991,89989,89990,74029,0
